{
    "version": 1,
    "themes": {
        "parallax3": {
            "name": "Parallax3",
            "repo": "https://github.com/jospedro39/zepedro9/tree/main/parallax3",
            "zip": "https://github.com/jospedro39/zepedro8/blob/main/parallax3.zip",
            "summary": "One of the most advanced WonderCMS themes created by @jospedro39.",
            "version": "3.2.3",
            "image": "https://github.com/jospedro39/zepedro7/blob/main/parallax3/images/default.png"
        }
    }
}
